{
  "hash": "9111a4c8",
  "configHash": "a482dc88",
  "lockfileHash": "070d9198",
  "browserHash": "8e9525dc",
  "optimized": {
    "@angular/common": {
      "src": "../../../../../../node_modules/@angular/common/fesm2022/common.mjs",
      "file": "@angular_common.js",
      "fileHash": "e9ab2e22",
      "needsInterop": false
    },
    "@angular/core": {
      "src": "../../../../../../node_modules/@angular/core/fesm2022/core.mjs",
      "file": "@angular_core.js",
      "fileHash": "1c6064e7",
      "needsInterop": false
    },
    "@angular/platform-browser": {
      "src": "../../../../../../node_modules/@angular/platform-browser/fesm2022/platform-browser.mjs",
      "file": "@angular_platform-browser.js",
      "fileHash": "8d4d36f2",
      "needsInterop": false
    },
    "plotly.js-dist": {
      "src": "../../../../../../node_modules/plotly.js-dist/plotly.js",
      "file": "plotly__js-dist.js",
      "fileHash": "bc21ce5e",
      "needsInterop": true
    },
    "zone.js": {
      "src": "../../../../../../node_modules/zone.js/fesm2015/zone.js",
      "file": "zone__js.js",
      "fileHash": "16d92811",
      "needsInterop": true
    }
  },
  "chunks": {
    "chunk-CRMGEYUF": {
      "file": "chunk-CRMGEYUF.js"
    },
    "chunk-AO7XMSVZ": {
      "file": "chunk-AO7XMSVZ.js"
    },
    "chunk-3OV72XIM": {
      "file": "chunk-3OV72XIM.js"
    }
  }
}