{
  "hash": "dc69d845",
  "configHash": "75debf1c",
  "lockfileHash": "7d7bc33f",
  "browserHash": "d18b1c33",
  "optimized": {
    "@angular/core": {
      "src": "../../../../../../node_modules/@angular/core/fesm2022/core.mjs",
      "file": "@angular_core.js",
      "fileHash": "74f20d8a",
      "needsInterop": false
    },
    "@angular/platform-browser": {
      "src": "../../../../../../node_modules/@angular/platform-browser/fesm2022/platform-browser.mjs",
      "file": "@angular_platform-browser.js",
      "fileHash": "c4a36957",
      "needsInterop": false
    },
    "@angular/router": {
      "src": "../../../../../../node_modules/@angular/router/fesm2022/router.mjs",
      "file": "@angular_router.js",
      "fileHash": "13b44ef8",
      "needsInterop": false
    },
    "zone.js": {
      "src": "../../../../../../node_modules/zone.js/fesm2015/zone.js",
      "file": "zone__js.js",
      "fileHash": "5c666373",
      "needsInterop": true
    },
    "@angular/common": {
      "src": "../../../../../../node_modules/@angular/common/fesm2022/common.mjs",
      "file": "@angular_common.js",
      "fileHash": "a4991dbf",
      "needsInterop": false
    }
  },
  "chunks": {
    "chunk-BIPIVD4Z": {
      "file": "chunk-BIPIVD4Z.js"
    },
    "chunk-RYU656TU": {
      "file": "chunk-RYU656TU.js"
    },
    "chunk-FSF5J5QM": {
      "file": "chunk-FSF5J5QM.js"
    },
    "chunk-WDMUDEB6": {
      "file": "chunk-WDMUDEB6.js"
    }
  }
}